<?xml version="1.0" encoding="UTF-8"?>
<beans xmlns="http://www.springframework.org/schema/beans" xmlns:xsi="http://www.w3.org/2001/XMLSchema-instance" xmlns:aop="http://www.springframework.org/schema/aop"
	xmlns:tx="http://www.springframework.org/schema/tx"
	xsi:schemaLocation="
http://www.springframework.org/schema/beans http://www.springframework.org/schema/beans/spring-beans-3.0.xsd
http://www.springframework.org/schema/tx    http://www.springframework.org/schema/tx/spring-tx-3.0.xsd
http://www.springframework.org/schema/aop   http://www.springframework.org/schema/aop/spring-aop-3.0.xsd"
	default-autowire="byName">
	<bean id="baseService" class="com.innovaee.eorder.module.service.BaseService" abstract="true" />

	<bean id="authorizationService" class="com.innovaee.eorder.module.service.security.AuthorizationService" parent="baseService" />
	<bean id="authenticationService" class="com.innovaee.eorder.module.service.security.AuthenticationService" parent="baseService" />
	<bean id="securityMetadataSourceService" class="com.innovaee.eorder.module.service.security.SecurityMetadataSourceService" parent="baseService" />

	<bean id="functionService" class="com.innovaee.eorder.module.service.FunctionService" parent="baseService" />
	<bean id="userService" class="com.innovaee.eorder.module.service.UserService" parent="baseService" />
	<bean id="roleService" class="com.innovaee.eorder.module.service.RoleService" parent="baseService" />
	<bean id="roleFunctionService" class="com.innovaee.eorder.module.service.RoleFunctionService" parent="baseService" />
	<bean id="userRoleService" class="com.innovaee.eorder.module.service.UserRoleService" parent="baseService" />
</beans>