<?xml version="1.0" encoding="UTF-8"?>
<beans xmlns    ="http://www.springframework.org/schema/beans"
	   xmlns:xsi="http://www.w3.org/2001/XMLSchema-instance"
	   xmlns:aop="http://www.springframework.org/schema/aop"
	   xmlns:tx ="http://www.springframework.org/schema/tx"
	   xsi:schemaLocation="
http://www.springframework.org/schema/beans http://www.springframework.org/schema/beans/spring-beans-3.0.xsd
http://www.springframework.org/schema/tx    http://www.springframework.org/schema/tx/spring-tx-3.0.xsd
http://www.springframework.org/schema/aop   http://www.springframework.org/schema/aop/spring-aop-3.0.xsd">

    <bean id="dataSource" class="com.mchange.v2.c3p0.ComboPooledDataSource" destroy-method="close">
        <property name="driverClass">
        	<value>${connection.driver_class}</value>
        </property>
        <property name="jdbcUrl">
        	<value>${connection.url}</value>
        </property>
        <property name="user">
        	<value>${connection.username}</value>
        </property>
        <property name="password">
        	<value>${connection.password}</value>
        </property>
        
        <!-- 连接池中保留的最小连接数 -->
        <property name="minPoolSize">
        	<value>${c3p0.min_pool_size}</value>
        </property>
        
        <!-- 连接池中保留的最大连接数 default:15 -->
        <property name="maxPoolSize">
        	<value>${c3p0.max_pool_size}</value>
        </property>
        
        <!-- 初始化时获取的连接数，取值应在minPoolSize与maxPoolSize之间 default:3-->
        <property name="initialPoolSize">
        	<value>${c3p0.initial_pool_size}</value>
        </property>
      
        <!-- 最大空闲时间，60秒内未使用则连接被丢弃，若为0则永不放弃 default:0 -->
        <property name="maxIdleTime">
        	<value>${c3p0.max_idle_time}</value>
        </property>
        
        <!-- 当连接池中的连接耗尽的时候c3p0一次同时获取的连接数 default:3 -->
        <property name="acquireIncrement">
        	<value>${c3p0.acquire_increment}</value>
        </property>
        
        <!--
        	JDBC的标准参数，用以控制数据源内加载的PreparedStatements数量。
        	但由于预缓存的statements属于单个connection而不是整个连接池，所以设置这个参数需要考虑到多方面的因素。
        	如果maxStatements与maxStatementsPerConnection均为0，则缓存被关闭 default:0
        -->
        <property name="maxStatements">
        	<value>${c3p0.max_statements}</value>
        </property>
        
        <!-- 每60秒检查所有连接池中的空闲连接 default:0 -->
        <property name="idleConnectionTestPeriod">
        	<value>${c3p0.idle_connection_test_period}</value>
        </property>
        
        <!-- 定义在从数据库获取新连接失败后重复尝试的次数 default:30 -->
        <property name="acquireRetryAttempts">
        	<value>${c3p0.acquire_retry_attempts}</value>
        </property>
        
        <!--
        	获取连接失败将会引起所有等待连接池来获取连接的线程抛出异常，但是数据源仍有效保留，
        	并在下次调用getConnection()的时候继续尝试获取连接。如果设为true，那么在尝试获
        	取连接失败后该数据源将申明已断开并永久关闭 default:false
        -->
        <property name="breakAfterAcquireFailure">
        	<value>${c3p0.break_after_acquire_failure}</value>
        </property>
        
        <!--
        	因性能消耗大请只在需要的时候使用它。
        	如果设为true那么在每个connection提交的时候都将效验其有效性。
        	建议使用idleConnectionTestPeriod或automaticTestTable等方法来提升连接测试的性能 default:false
        -->
        <property name="testConnectionOnCheckout">
        	<value>${c3p0.test_connection_on_checkout}</value>
        </property>
    </bean>
    
	<!-- Hibernate SessionFactory -->
	<bean id="sessionFactory" class="org.springframework.orm.hibernate3.annotation.AnnotationSessionFactoryBean">
		<property name="dataSource" ref="dataSource" />

		<property name="packagesToScan">
			<list>
				<value>com.innovaee.eorder.module.entity</value>
			</list>
		</property>	

		<property name="hibernateProperties">
			<props>
				<prop key="hibernate.dialect">
					${hibernate.dialect}
				</prop>
				<prop key="hibernate.show_sql">
					${hibernate.show_sql}
				</prop>
				<prop key="hibernate.format_sql">
					${hibernate.format_sql}
				</prop>
				<prop key="hibernate.use_sql_comments">
					${hibernate.use_sql_comments}
				</prop>
				<prop key="hibernate.hbm2ddl.auto">
					${hibernate.hbm2ddl.auto}
				</prop>
				<prop key="hibernate.default_batch_fetch_size">
					${hibernate.default_batch_fetch_size}
				</prop>
				<prop key="hibernate.max_fetch_depth">
					${hibernate.max_fetch_depth}
				</prop>
				<prop key="hibernate.jdbc.batch_size">
					${hibernate.jdbc.batch_size}
				</prop>
				<prop key="hibernate.query.factory_class">
					${hibernate.query.factory_class}
				</prop>
				<prop key="hibernate.connection.useUnicode">
					${hibernate.connection.useUnicode}
				</prop>
				<prop key="hibernate.connection.characterEncoding">
					${hibernate.connection.characterEncoding}
				</prop>
				<prop key="hibernate.connection.pool_size">
					${hibernate.connection.pool_size}
				</prop>
				<prop key="hibernate.cache.provider_class">
					${hibernate.cache.provider_class}
				</prop>		
			</props>
		</property>
	</bean>
    
	<bean id="txManager" class="org.springframework.orm.hibernate3.HibernateTransactionManager">
		<property name="sessionFactory" ref="sessionFactory"/>
	</bean>

</beans>