<?xml version="1.0" encoding="UTF-8" ?>
<!DOCTYPE struts PUBLIC "-//Apache Software Foundation//DTD Struts Configuration 2.0//EN"
						"http://struts.apache.org/dtds/struts-2.0.dtd">

<struts>
	<package name="com.innovaee.eorder.web.action.login" namespace="/login" extends="struts-base">
		<action name="login" class="com.innovaee.eorder.web.action.login.LoginAction" method="login">
			<result name="success">/pages/login/login.jsp</result>
		</action>
		<action name="doLogin" class="com.innovaee.eorder.web.action.login.LoginAction" method="doLogin">
			<result name="success">/pages/main/main.jsp</result>
		</action>

		<action name="doLogout" class="com.innovaee.eorder.web.action.login.LoginAction" method="doLogout">
			<result name="success">/pages/main/login.jsp</result>
		</action>

		<action name="left" class="com.innovaee.eorder.web.action.login.LoginAction" method="doLeft">
			<result name="success">/pages/main/left.jsp</result>
		</action>
		<action name="right" class="com.innovaee.eorder.web.action.login.LoginAction" method="doRight">
			<result name="success">/pages/main/right.jsp</result>
		</action>
		<action name="header" class="com.innovaee.eorder.web.action.login.LoginAction" method="doHeader">
			<result name="success">/pages/main/header.jsp</result>
		</action>

		<action name="userInfo" class="com.innovaee.eorder.web.action.login.LoginAction" method="doUserInfo">
			<result name="success">/pages/main/userInfo.jsp</result>
		</action>

		<action name="bottom" class="com.innovaee.eorder.web.action.login.LoginAction" method="doBottom">
			<result name="success">/pages/main/bottom.jsp</result>
		</action>
	</package>
</struts>